{
  "project_info": {
    "project_number": "37534034132",
    "firebase_url": "https://crash-maps.firebaseio.com",
    "project_id": "crash-maps",
    "storage_bucket": "crash-maps.appspot.com"
  },
  "client": [
    {
      "client_info": {
        "mobilesdk_app_id": "1:37534034132:android:c980b3a7d2431f4f2f3341",
        "android_client_info": {
          "package_name": "com.example.qwerty10w.sb_hacks_2020_app"
        }
      },
      "oauth_client": [
        {
          "client_id": "37534034132-4c108qourc4kdlo94m3isf0rhff4roaj.apps.googleusercontent.com",
          "client_type": 1,
          "android_info": {
            "package_name": "com.example.qwerty10w.sb_hacks_2020_app",
            "certificate_hash": "e5a51e5dff0b96d856f36f81b49ad4f934474463"
          }
        },
        {
          "client_id": "37534034132-g82vsqnmpbv4j2r7k0sn8filmh5q6p00.apps.googleusercontent.com",
          "client_type": 3
        }
      ],
      "api_key": [
        {
          "current_key": "AIzaSyDz-xh9tAHeYP7wpVTaYa8rcQaRzqpx3Ac"
        }
      ],
      "services": {
        "appinvite_service": {
          "other_platform_oauth_client": [
            {
              "client_id": "37534034132-g82vsqnmpbv4j2r7k0sn8filmh5q6p00.apps.googleusercontent.com",
              "client_type": 3
            }
          ]
        }
      }
    }
  ],
  "configuration_version": "1"
}